{
    "matchId":{
        "sesonId": 0,
        "queId": 420,
        "participantIdentities":
            {
                "playerId":{
                    "summonerName":"example",
                    "teamId": 100,
                    "championId": 21,
                    "champLevel": 14,
                    "spell1Id": 4,
                    "spell2Id": 7,
                    "perk0": 8126,
                    "perk1": 8126,
                    "perk2": 8136,
                    "perk3": 8135,
                    "perk4": 9103,
                    "perk5": 9111,
                    "item0": 1054,
                    "item1": 3142,
                    "item2": 1001,
                    "item3": 0,
                    "item4": 1042,
                    "item5": 0,
                    "item6": 3340,
                    "totalDamageTaken": 5712,
                    "kills": 0,
                    "deathes": 1,
                    "assists": 0,
                    "wardPlaced": 5,
                    "doubleKills":0,
                    "tripleKills":0,
                    "qiadraKills":0,
                    "pentaKills":0,
                    "totalMinionsKills":0
                },
                "playerId2":{
                    
                }
            }
        ,
        "teams":[
            {
                "teamId": 100,
                "win": "Fail",
                "towerKills": 1,
                "dragonKills":0,
                "firstBaron": false,
                "baronkills":0,
                "firstRiftHerald": false
            },
            {
                "teamId": 200,
                "win": "Win",
                "towerKills": 1,
                "dragonKills":1,
                "firstBaron": false,
                "baronkills":0,
                "firstRiftHerald": false
            }
        ],
        "particantId": 1
        
    }
}